{"cameraMode":{"drawMode":0,"name":"Shaded","section":"Shading Mode"},"sceneLighting":true,"audioPlay":false,"sceneViewState":{"showFog":true,"showMaterialUpdate":false,"showSkybox":true,"showFlares":true,"showImageEffects":true,"showParticleSystems":true},"in2DMode":false,"pivot":{"x":60.303443908691409,"y":20.39559555053711,"z":57.089725494384769},"rotation":{"x":-0.1585623323917389,"y":0.16037233173847199,"z":-0.026110194623470308,"w":-0.97388756275177},"size":40.07896041870117,"orthographic":true}